{
	"@programName": "ZAP",
	"@version": "2.16.1",
	"@generated": "Wed, 26 Nov 2025 00:08:49",
	"created": "2025-11-26T00:08:49.554741064Z",
	"site":[ 
		{
			"@name": "http://51.8.48.112:8080",
			"@host": "51.8.48.112",
			"@port": "8080",
			"@ssl": "false",
			"alerts": [ 
				{
					"pluginid": "40040",
					"alertRef": "40040-3",
					"alert": "CORS Misconfiguration",
					"name": "CORS Misconfiguration",
					"riskcode": "3",
					"confidence": "3",
					"riskdesc": "High (High)",
					"desc": "<p>This CORS misconfiguration could allow an attacker to perform AJAX queries to the vulnerable website from a malicious page loaded by the victim's user agent.</p><p>In order to perform authenticated AJAX queries, the server must specify the header \"Access-Control-Allow-Credentials: true\" and the \"Access-Control-Allow-Origin\" header must be set to null or the malicious page's domain. Even if this misconfiguration doesn't allow authenticated AJAX requests, unauthenticated sensitive content can still be accessed (e.g intranet websites).</p><p>A malicious page can belong to a malicious website but also a trusted website with flaws (e.g XSS, support of HTTP without TLS allowing code injection through MITM, etc).</p>",
					"instances":[ 
						{
							"id": "78",
							"uri": "http://51.8.48.112:8080",
							"nodeName": null,
							"method": "GET",
							"param": "",
							"attack": "origin: http://5ZpPiK1n.com",
							"evidence": "",
							"otherinfo": ""
						},
						{
							"id": "80",
							"uri": "http://51.8.48.112:8080/",
							"nodeName": null,
							"method": "GET",
							"param": "",
							"attack": "origin: http://5ZpPiK1n.com",
							"evidence": "",
							"otherinfo": ""
						},
						{
							"id": "81",
							"uri": "http://51.8.48.112:8080/robots.txt",
							"nodeName": null,
							"method": "GET",
							"param": "",
							"attack": "origin: http://5ZpPiK1n.com",
							"evidence": "",
							"otherinfo": ""
						},
						{
							"id": "79",
							"uri": "http://51.8.48.112:8080/sitemap.xml",
							"nodeName": null,
							"method": "GET",
							"param": "",
							"attack": "origin: http://5ZpPiK1n.com",
							"evidence": "",
							"otherinfo": ""
						}
					],
					"count": "4",
					"systemic": false,
					"solution": "<p>If a web resource contains sensitive information, the origin should be properly specified in the Access-Control-Allow-Origin header. Only trusted websites needing this resource should be specified in this header, with the most secured protocol supported.</p>",
					"otherinfo": "",
					"reference": "<p>https://developer.mozilla.org/en-US/docs/Web/HTTP/Guides/CORS</p><p>https://portswigger.net/web-security/cors</p>",
					"cweid": "942",
					"wascid": "14",
					"sourceid": "282"
				},
				{
					"pluginid": "2",
					"alertRef": "2",
					"alert": "Private IP Disclosure",
					"name": "Private IP Disclosure",
					"riskcode": "1",
					"confidence": "2",
					"riskdesc": "Low (Medium)",
					"desc": "<p>A private IP (such as 10.x.x.x, 172.x.x.x, 192.168.x.x) or an Amazon EC2 private hostname (for example, ip-10-0-56-78) has been found in the HTTP response body. This information might be helpful for further attacks targeting internal systems.</p>",
					"instances":[ 
						{
							"id": "6",
							"uri": "http://51.8.48.112:8080",
							"nodeName": null,
							"method": "GET",
							"param": "",
							"attack": "",
							"evidence": "10.244.1.155:8080",
							"otherinfo": "10.244.1.155:8080\n10.224.0.5:23783\n"
						},
						{
							"id": "7",
							"uri": "http://51.8.48.112:8080/",
							"nodeName": null,
							"method": "GET",
							"param": "",
							"attack": "",
							"evidence": "10.244.1.155:8080",
							"otherinfo": "10.244.1.155:8080\n10.224.0.4:13176\n"
						},
						{
							"id": "0",
							"uri": "http://51.8.48.112:8080/",
							"nodeName": null,
							"method": "GET",
							"param": "",
							"attack": "",
							"evidence": "10.244.1.155:8080",
							"otherinfo": "10.244.1.155:8080\n10.224.0.5:23783\n"
						},
						{
							"id": "8",
							"uri": "http://51.8.48.112:8080/robots.txt",
							"nodeName": null,
							"method": "GET",
							"param": "",
							"attack": "",
							"evidence": "10.244.1.155:8080",
							"otherinfo": "10.244.1.155:8080\n10.224.0.4:1495\n"
						},
						{
							"id": "9",
							"uri": "http://51.8.48.112:8080/sitemap.xml",
							"nodeName": null,
							"method": "GET",
							"param": "",
							"attack": "",
							"evidence": "10.244.1.155:8080",
							"otherinfo": "10.244.1.155:8080\n10.224.0.5:53930\n"
						}
					],
					"count": "5",
					"systemic": false,
					"solution": "<p>Remove the private IP address from the HTTP response body. For comments, use JSP/ASP/PHP comment instead of HTML/JavaScript comment which can be seen by client browsers.</p>",
					"otherinfo": "<p>10.244.1.155:8080</p><p>10.224.0.5:23783</p><p></p>",
					"reference": "<p>https://datatracker.ietf.org/doc/html/rfc1918</p>",
					"cweid": "497",
					"wascid": "13",
					"sourceid": "7"
				},
				{
					"pluginid": "90005",
					"alertRef": "90005-3",
					"alert": "Sec-Fetch-Dest Header is Missing",
					"name": "Sec-Fetch-Dest Header is Missing",
					"riskcode": "0",
					"confidence": "3",
					"riskdesc": "Informational (High)",
					"desc": "<p>Specifies how and where the data would be used. For instance, if the value is audio, then the requested resource must be audio data and not any other type of resource.</p>",
					"instances":[ 
						{
							"id": "25",
							"uri": "http://51.8.48.112:8080",
							"nodeName": null,
							"method": "GET",
							"param": "Sec-Fetch-Dest",
							"attack": "",
							"evidence": "",
							"otherinfo": ""
						},
						{
							"id": "4",
							"uri": "http://51.8.48.112:8080/",
							"nodeName": null,
							"method": "GET",
							"param": "Sec-Fetch-Dest",
							"attack": "",
							"evidence": "",
							"otherinfo": ""
						},
						{
							"id": "27",
							"uri": "http://51.8.48.112:8080/robots.txt",
							"nodeName": null,
							"method": "GET",
							"param": "Sec-Fetch-Dest",
							"attack": "",
							"evidence": "",
							"otherinfo": ""
						},
						{
							"id": "23",
							"uri": "http://51.8.48.112:8080/sitemap.xml",
							"nodeName": null,
							"method": "GET",
							"param": "Sec-Fetch-Dest",
							"attack": "",
							"evidence": "",
							"otherinfo": ""
						}
					],
					"count": "4",
					"systemic": false,
					"solution": "<p>Ensure that Sec-Fetch-Dest header is included in request headers.</p>",
					"otherinfo": "",
					"reference": "<p>https://developer.mozilla.org/en-US/docs/Web/HTTP/Reference/Headers/Sec-Fetch-Dest</p>",
					"cweid": "352",
					"wascid": "9",
					"sourceid": "7"
				},
				{
					"pluginid": "90005",
					"alertRef": "90005-2",
					"alert": "Sec-Fetch-Mode Header is Missing",
					"name": "Sec-Fetch-Mode Header is Missing",
					"riskcode": "0",
					"confidence": "3",
					"riskdesc": "Informational (High)",
					"desc": "<p>Allows to differentiate between requests for navigating between HTML pages and requests for loading resources like images, audio etc.</p>",
					"instances":[ 
						{
							"id": "22",
							"uri": "http://51.8.48.112:8080",
							"nodeName": null,
							"method": "GET",
							"param": "Sec-Fetch-Mode",
							"attack": "",
							"evidence": "",
							"otherinfo": ""
						},
						{
							"id": "3",
							"uri": "http://51.8.48.112:8080/",
							"nodeName": null,
							"method": "GET",
							"param": "Sec-Fetch-Mode",
							"attack": "",
							"evidence": "",
							"otherinfo": ""
						},
						{
							"id": "26",
							"uri": "http://51.8.48.112:8080/robots.txt",
							"nodeName": null,
							"method": "GET",
							"param": "Sec-Fetch-Mode",
							"attack": "",
							"evidence": "",
							"otherinfo": ""
						},
						{
							"id": "18",
							"uri": "http://51.8.48.112:8080/sitemap.xml",
							"nodeName": null,
							"method": "GET",
							"param": "Sec-Fetch-Mode",
							"attack": "",
							"evidence": "",
							"otherinfo": ""
						}
					],
					"count": "4",
					"systemic": false,
					"solution": "<p>Ensure that Sec-Fetch-Mode header is included in request headers.</p>",
					"otherinfo": "",
					"reference": "<p>https://developer.mozilla.org/en-US/docs/Web/HTTP/Reference/Headers/Sec-Fetch-Mode</p>",
					"cweid": "352",
					"wascid": "9",
					"sourceid": "7"
				},
				{
					"pluginid": "90005",
					"alertRef": "90005-1",
					"alert": "Sec-Fetch-Site Header is Missing",
					"name": "Sec-Fetch-Site Header is Missing",
					"riskcode": "0",
					"confidence": "3",
					"riskdesc": "Informational (High)",
					"desc": "<p>Specifies the relationship between request initiator's origin and target's origin.</p>",
					"instances":[ 
						{
							"id": "13",
							"uri": "http://51.8.48.112:8080",
							"nodeName": null,
							"method": "GET",
							"param": "Sec-Fetch-Site",
							"attack": "",
							"evidence": "",
							"otherinfo": ""
						},
						{
							"id": "2",
							"uri": "http://51.8.48.112:8080/",
							"nodeName": null,
							"method": "GET",
							"param": "Sec-Fetch-Site",
							"attack": "",
							"evidence": "",
							"otherinfo": ""
						},
						{
							"id": "19",
							"uri": "http://51.8.48.112:8080/robots.txt",
							"nodeName": null,
							"method": "GET",
							"param": "Sec-Fetch-Site",
							"attack": "",
							"evidence": "",
							"otherinfo": ""
						},
						{
							"id": "15",
							"uri": "http://51.8.48.112:8080/sitemap.xml",
							"nodeName": null,
							"method": "GET",
							"param": "Sec-Fetch-Site",
							"attack": "",
							"evidence": "",
							"otherinfo": ""
						}
					],
					"count": "4",
					"systemic": false,
					"solution": "<p>Ensure that Sec-Fetch-Site header is included in request headers.</p>",
					"otherinfo": "",
					"reference": "<p>https://developer.mozilla.org/en-US/docs/Web/HTTP/Reference/Headers/Sec-Fetch-Site</p>",
					"cweid": "352",
					"wascid": "9",
					"sourceid": "7"
				},
				{
					"pluginid": "90005",
					"alertRef": "90005-4",
					"alert": "Sec-Fetch-User Header is Missing",
					"name": "Sec-Fetch-User Header is Missing",
					"riskcode": "0",
					"confidence": "3",
					"riskdesc": "Informational (High)",
					"desc": "<p>Specifies if a navigation request was initiated by a user.</p>",
					"instances":[ 
						{
							"id": "29",
							"uri": "http://51.8.48.112:8080",
							"nodeName": null,
							"method": "GET",
							"param": "Sec-Fetch-User",
							"attack": "",
							"evidence": "",
							"otherinfo": ""
						},
						{
							"id": "5",
							"uri": "http://51.8.48.112:8080/",
							"nodeName": null,
							"method": "GET",
							"param": "Sec-Fetch-User",
							"attack": "",
							"evidence": "",
							"otherinfo": ""
						},
						{
							"id": "28",
							"uri": "http://51.8.48.112:8080/robots.txt",
							"nodeName": null,
							"method": "GET",
							"param": "Sec-Fetch-User",
							"attack": "",
							"evidence": "",
							"otherinfo": ""
						},
						{
							"id": "24",
							"uri": "http://51.8.48.112:8080/sitemap.xml",
							"nodeName": null,
							"method": "GET",
							"param": "Sec-Fetch-User",
							"attack": "",
							"evidence": "",
							"otherinfo": ""
						}
					],
					"count": "4",
					"systemic": false,
					"solution": "<p>Ensure that Sec-Fetch-User header is included in user initiated requests.</p>",
					"otherinfo": "",
					"reference": "<p>https://developer.mozilla.org/en-US/docs/Web/HTTP/Reference/Headers/Sec-Fetch-User</p>",
					"cweid": "352",
					"wascid": "9",
					"sourceid": "7"
				},
				{
					"pluginid": "10049",
					"alertRef": "10049-3",
					"alert": "Storable and Cacheable Content",
					"name": "Storable and Cacheable Content",
					"riskcode": "0",
					"confidence": "2",
					"riskdesc": "Informational (Medium)",
					"desc": "<p>The response contents are storable by caching components such as proxy servers, and may be retrieved directly from the cache, rather than from the origin server by the caching servers, in response to similar requests from other users. If the response data is sensitive, personal or user-specific, this may result in sensitive information being leaked. In some cases, this may even result in a user gaining complete control of the session of another user, depending on the configuration of the caching components in use in their environment. This is primarily an issue where \"shared\" caching servers such as \"proxy\" caches are configured on the local network. This configuration is typically found in corporate or educational environments, for instance.</p>",
					"instances":[ 
						{
							"id": "10",
							"uri": "http://51.8.48.112:8080",
							"nodeName": null,
							"method": "GET",
							"param": "",
							"attack": "",
							"evidence": "",
							"otherinfo": "In the absence of an explicitly specified caching lifetime directive in the response, a liberal lifetime heuristic of 1 year was assumed. This is permitted by rfc7234."
						},
						{
							"id": "1",
							"uri": "http://51.8.48.112:8080/",
							"nodeName": null,
							"method": "GET",
							"param": "",
							"attack": "",
							"evidence": "",
							"otherinfo": "In the absence of an explicitly specified caching lifetime directive in the response, a liberal lifetime heuristic of 1 year was assumed. This is permitted by rfc7234."
						},
						{
							"id": "16",
							"uri": "http://51.8.48.112:8080/robots.txt",
							"nodeName": null,
							"method": "GET",
							"param": "",
							"attack": "",
							"evidence": "",
							"otherinfo": "In the absence of an explicitly specified caching lifetime directive in the response, a liberal lifetime heuristic of 1 year was assumed. This is permitted by rfc7234."
						},
						{
							"id": "12",
							"uri": "http://51.8.48.112:8080/sitemap.xml",
							"nodeName": null,
							"method": "GET",
							"param": "",
							"attack": "",
							"evidence": "",
							"otherinfo": "In the absence of an explicitly specified caching lifetime directive in the response, a liberal lifetime heuristic of 1 year was assumed. This is permitted by rfc7234."
						}
					],
					"count": "4",
					"systemic": false,
					"solution": "<p>Validate that the response does not contain sensitive, personal or user-specific information. If it does, consider the use of the following HTTP response headers, to limit, or prevent the content being stored and retrieved from the cache by another user:</p><p>Cache-Control: no-cache, no-store, must-revalidate, private</p><p>Pragma: no-cache</p><p>Expires: 0</p><p>This configuration directs both HTTP 1.0 and HTTP 1.1 compliant caching servers to not store the response, and to not retrieve the response (without validation) from the cache, in response to a similar request.</p>",
					"otherinfo": "<p>In the absence of an explicitly specified caching lifetime directive in the response, a liberal lifetime heuristic of 1 year was assumed. This is permitted by rfc7234.</p>",
					"reference": "<p>https://datatracker.ietf.org/doc/html/rfc7234</p><p>https://datatracker.ietf.org/doc/html/rfc7231</p><p>https://www.w3.org/Protocols/rfc2616/rfc2616-sec13.html</p>",
					"cweid": "524",
					"wascid": "13",
					"sourceid": "7"
				},
				{
					"pluginid": "10104",
					"alertRef": "10104",
					"alert": "User Agent Fuzzer",
					"name": "User Agent Fuzzer",
					"riskcode": "0",
					"confidence": "2",
					"riskdesc": "Informational (Medium)",
					"desc": "<p>Check for differences in response based on fuzzed User Agent (eg. mobile sites, access as a Search Engine Crawler). Compares the response statuscode and the hashcode of the response body with the original response.</p>",
					"instances":[ 
						{
							"id": "39",
							"uri": "http://51.8.48.112:8080",
							"nodeName": null,
							"method": "GET",
							"param": "Header User-Agent",
							"attack": "Mozilla/4.0 (compatible; MSIE 6.0; Windows NT 5.1)",
							"evidence": "",
							"otherinfo": ""
						},
						{
							"id": "35",
							"uri": "http://51.8.48.112:8080",
							"nodeName": null,
							"method": "GET",
							"param": "Header User-Agent",
							"attack": "Mozilla/4.0 (compatible; MSIE 7.0; Windows NT 6.0)",
							"evidence": "",
							"otherinfo": ""
						},
						{
							"id": "32",
							"uri": "http://51.8.48.112:8080",
							"nodeName": null,
							"method": "GET",
							"param": "Header User-Agent",
							"attack": "Mozilla/4.0 (compatible; MSIE 8.0; Windows NT 6.1)",
							"evidence": "",
							"otherinfo": ""
						},
						{
							"id": "43",
							"uri": "http://51.8.48.112:8080",
							"nodeName": null,
							"method": "GET",
							"param": "Header User-Agent",
							"attack": "Mozilla/5.0 (Windows NT 10.0; Trident/7.0; rv:11.0) like Gecko",
							"evidence": "",
							"otherinfo": ""
						},
						{
							"id": "47",
							"uri": "http://51.8.48.112:8080",
							"nodeName": null,
							"method": "GET",
							"param": "Header User-Agent",
							"attack": "Mozilla/5.0 (Windows NT 10.0; Win64; x64) AppleWebKit/537.36 (KHTML, like Gecko) Chrome/75.0.3739.0 Safari/537.36 Edg/75.0.109.0",
							"evidence": "",
							"otherinfo": ""
						},
						{
							"id": "72",
							"uri": "http://51.8.48.112:8080",
							"nodeName": null,
							"method": "GET",
							"param": "Header User-Agent",
							"attack": "Mozilla/5.0 (Windows NT 10.0; Win64; x64) AppleWebKit/537.36 (KHTML, like Gecko) Chrome/91.0.4472.124 Safari/537.36",
							"evidence": "",
							"otherinfo": ""
						},
						{
							"id": "70",
							"uri": "http://51.8.48.112:8080",
							"nodeName": null,
							"method": "GET",
							"param": "Header User-Agent",
							"attack": "Mozilla/5.0 (Windows NT 10.0; Win64; x64; rv:93.0) Gecko/20100101 Firefox/91.0",
							"evidence": "",
							"otherinfo": ""
						},
						{
							"id": "51",
							"uri": "http://51.8.48.112:8080",
							"nodeName": null,
							"method": "GET",
							"param": "Header User-Agent",
							"attack": "Mozilla/5.0 (compatible; Googlebot/2.1; +http://www.google.com/bot.html)",
							"evidence": "",
							"otherinfo": ""
						},
						{
							"id": "59",
							"uri": "http://51.8.48.112:8080",
							"nodeName": null,
							"method": "GET",
							"param": "Header User-Agent",
							"attack": "Mozilla/5.0 (compatible; Yahoo! Slurp; http://help.yahoo.com/help/us/ysearch/slurp)",
							"evidence": "",
							"otherinfo": ""
						},
						{
							"id": "66",
							"uri": "http://51.8.48.112:8080",
							"nodeName": null,
							"method": "GET",
							"param": "Header User-Agent",
							"attack": "Mozilla/5.0 (iPhone; CPU iPhone OS 8_0_2 like Mac OS X) AppleWebKit/600.1.4 (KHTML, like Gecko) Version/8.0 Mobile/12A366 Safari/600.1.4",
							"evidence": "",
							"otherinfo": ""
						},
						{
							"id": "62",
							"uri": "http://51.8.48.112:8080",
							"nodeName": null,
							"method": "GET",
							"param": "Header User-Agent",
							"attack": "Mozilla/5.0 (iPhone; U; CPU iPhone OS 3_0 like Mac OS X; en-us) AppleWebKit/528.18 (KHTML, like Gecko) Version/4.0 Mobile/7A341 Safari/528.16",
							"evidence": "",
							"otherinfo": ""
						},
						{
							"id": "55",
							"uri": "http://51.8.48.112:8080",
							"nodeName": null,
							"method": "GET",
							"param": "Header User-Agent",
							"attack": "msnbot/1.1 (+http://search.msn.com/msnbot.htm)",
							"evidence": "",
							"otherinfo": ""
						},
						{
							"id": "37",
							"uri": "http://51.8.48.112:8080/",
							"nodeName": null,
							"method": "GET",
							"param": "Header User-Agent",
							"attack": "Mozilla/4.0 (compatible; MSIE 6.0; Windows NT 5.1)",
							"evidence": "",
							"otherinfo": ""
						},
						{
							"id": "34",
							"uri": "http://51.8.48.112:8080/",
							"nodeName": null,
							"method": "GET",
							"param": "Header User-Agent",
							"attack": "Mozilla/4.0 (compatible; MSIE 7.0; Windows NT 6.0)",
							"evidence": "",
							"otherinfo": ""
						},
						{
							"id": "30",
							"uri": "http://51.8.48.112:8080/",
							"nodeName": null,
							"method": "GET",
							"param": "Header User-Agent",
							"attack": "Mozilla/4.0 (compatible; MSIE 8.0; Windows NT 6.1)",
							"evidence": "",
							"otherinfo": ""
						},
						{
							"id": "41",
							"uri": "http://51.8.48.112:8080/",
							"nodeName": null,
							"method": "GET",
							"param": "Header User-Agent",
							"attack": "Mozilla/5.0 (Windows NT 10.0; Trident/7.0; rv:11.0) like Gecko",
							"evidence": "",
							"otherinfo": ""
						},
						{
							"id": "45",
							"uri": "http://51.8.48.112:8080/",
							"nodeName": null,
							"method": "GET",
							"param": "Header User-Agent",
							"attack": "Mozilla/5.0 (Windows NT 10.0; Win64; x64) AppleWebKit/537.36 (KHTML, like Gecko) Chrome/75.0.3739.0 Safari/537.36 Edg/75.0.109.0",
							"evidence": "",
							"otherinfo": ""
						},
						{
							"id": "74",
							"uri": "http://51.8.48.112:8080/",
							"nodeName": null,
							"method": "GET",
							"param": "Header User-Agent",
							"attack": "Mozilla/5.0 (Windows NT 10.0; Win64; x64) AppleWebKit/537.36 (KHTML, like Gecko) Chrome/91.0.4472.124 Safari/537.36",
							"evidence": "",
							"otherinfo": ""
						},
						{
							"id": "69",
							"uri": "http://51.8.48.112:8080/",
							"nodeName": null,
							"method": "GET",
							"param": "Header User-Agent",
							"attack": "Mozilla/5.0 (Windows NT 10.0; Win64; x64; rv:93.0) Gecko/20100101 Firefox/91.0",
							"evidence": "",
							"otherinfo": ""
						},
						{
							"id": "49",
							"uri": "http://51.8.48.112:8080/",
							"nodeName": null,
							"method": "GET",
							"param": "Header User-Agent",
							"attack": "Mozilla/5.0 (compatible; Googlebot/2.1; +http://www.google.com/bot.html)",
							"evidence": "",
							"otherinfo": ""
						},
						{
							"id": "57",
							"uri": "http://51.8.48.112:8080/",
							"nodeName": null,
							"method": "GET",
							"param": "Header User-Agent",
							"attack": "Mozilla/5.0 (compatible; Yahoo! Slurp; http://help.yahoo.com/help/us/ysearch/slurp)",
							"evidence": "",
							"otherinfo": ""
						},
						{
							"id": "65",
							"uri": "http://51.8.48.112:8080/",
							"nodeName": null,
							"method": "GET",
							"param": "Header User-Agent",
							"attack": "Mozilla/5.0 (iPhone; CPU iPhone OS 8_0_2 like Mac OS X) AppleWebKit/600.1.4 (KHTML, like Gecko) Version/8.0 Mobile/12A366 Safari/600.1.4",
							"evidence": "",
							"otherinfo": ""
						},
						{
							"id": "61",
							"uri": "http://51.8.48.112:8080/",
							"nodeName": null,
							"method": "GET",
							"param": "Header User-Agent",
							"attack": "Mozilla/5.0 (iPhone; U; CPU iPhone OS 3_0 like Mac OS X; en-us) AppleWebKit/528.18 (KHTML, like Gecko) Version/4.0 Mobile/7A341 Safari/528.16",
							"evidence": "",
							"otherinfo": ""
						},
						{
							"id": "53",
							"uri": "http://51.8.48.112:8080/",
							"nodeName": null,
							"method": "GET",
							"param": "Header User-Agent",
							"attack": "msnbot/1.1 (+http://search.msn.com/msnbot.htm)",
							"evidence": "",
							"otherinfo": ""
						},
						{
							"id": "40",
							"uri": "http://51.8.48.112:8080/robots.txt",
							"nodeName": null,
							"method": "GET",
							"param": "Header User-Agent",
							"attack": "Mozilla/4.0 (compatible; MSIE 6.0; Windows NT 5.1)",
							"evidence": "",
							"otherinfo": ""
						},
						{
							"id": "36",
							"uri": "http://51.8.48.112:8080/robots.txt",
							"nodeName": null,
							"method": "GET",
							"param": "Header User-Agent",
							"attack": "Mozilla/4.0 (compatible; MSIE 7.0; Windows NT 6.0)",
							"evidence": "",
							"otherinfo": ""
						},
						{
							"id": "31",
							"uri": "http://51.8.48.112:8080/robots.txt",
							"nodeName": null,
							"method": "GET",
							"param": "Header User-Agent",
							"attack": "Mozilla/4.0 (compatible; MSIE 8.0; Windows NT 6.1)",
							"evidence": "",
							"otherinfo": ""
						},
						{
							"id": "44",
							"uri": "http://51.8.48.112:8080/robots.txt",
							"nodeName": null,
							"method": "GET",
							"param": "Header User-Agent",
							"attack": "Mozilla/5.0 (Windows NT 10.0; Trident/7.0; rv:11.0) like Gecko",
							"evidence": "",
							"otherinfo": ""
						},
						{
							"id": "48",
							"uri": "http://51.8.48.112:8080/robots.txt",
							"nodeName": null,
							"method": "GET",
							"param": "Header User-Agent",
							"attack": "Mozilla/5.0 (Windows NT 10.0; Win64; x64) AppleWebKit/537.36 (KHTML, like Gecko) Chrome/75.0.3739.0 Safari/537.36 Edg/75.0.109.0",
							"evidence": "",
							"otherinfo": ""
						},
						{
							"id": "76",
							"uri": "http://51.8.48.112:8080/robots.txt",
							"nodeName": null,
							"method": "GET",
							"param": "Header User-Agent",
							"attack": "Mozilla/5.0 (Windows NT 10.0; Win64; x64) AppleWebKit/537.36 (KHTML, like Gecko) Chrome/91.0.4472.124 Safari/537.36",
							"evidence": "",
							"otherinfo": ""
						},
						{
							"id": "73",
							"uri": "http://51.8.48.112:8080/robots.txt",
							"nodeName": null,
							"method": "GET",
							"param": "Header User-Agent",
							"attack": "Mozilla/5.0 (Windows NT 10.0; Win64; x64; rv:93.0) Gecko/20100101 Firefox/91.0",
							"evidence": "",
							"otherinfo": ""
						},
						{
							"id": "52",
							"uri": "http://51.8.48.112:8080/robots.txt",
							"nodeName": null,
							"method": "GET",
							"param": "Header User-Agent",
							"attack": "Mozilla/5.0 (compatible; Googlebot/2.1; +http://www.google.com/bot.html)",
							"evidence": "",
							"otherinfo": ""
						},
						{
							"id": "60",
							"uri": "http://51.8.48.112:8080/robots.txt",
							"nodeName": null,
							"method": "GET",
							"param": "Header User-Agent",
							"attack": "Mozilla/5.0 (compatible; Yahoo! Slurp; http://help.yahoo.com/help/us/ysearch/slurp)",
							"evidence": "",
							"otherinfo": ""
						},
						{
							"id": "68",
							"uri": "http://51.8.48.112:8080/robots.txt",
							"nodeName": null,
							"method": "GET",
							"param": "Header User-Agent",
							"attack": "Mozilla/5.0 (iPhone; CPU iPhone OS 8_0_2 like Mac OS X) AppleWebKit/600.1.4 (KHTML, like Gecko) Version/8.0 Mobile/12A366 Safari/600.1.4",
							"evidence": "",
							"otherinfo": ""
						},
						{
							"id": "64",
							"uri": "http://51.8.48.112:8080/robots.txt",
							"nodeName": null,
							"method": "GET",
							"param": "Header User-Agent",
							"attack": "Mozilla/5.0 (iPhone; U; CPU iPhone OS 3_0 like Mac OS X; en-us) AppleWebKit/528.18 (KHTML, like Gecko) Version/4.0 Mobile/7A341 Safari/528.16",
							"evidence": "",
							"otherinfo": ""
						},
						{
							"id": "56",
							"uri": "http://51.8.48.112:8080/robots.txt",
							"nodeName": null,
							"method": "GET",
							"param": "Header User-Agent",
							"attack": "msnbot/1.1 (+http://search.msn.com/msnbot.htm)",
							"evidence": "",
							"otherinfo": ""
						},
						{
							"id": "42",
							"uri": "http://51.8.48.112:8080/sitemap.xml",
							"nodeName": null,
							"method": "GET",
							"param": "Header User-Agent",
							"attack": "Mozilla/4.0 (compatible; MSIE 6.0; Windows NT 5.1)",
							"evidence": "",
							"otherinfo": ""
						},
						{
							"id": "38",
							"uri": "http://51.8.48.112:8080/sitemap.xml",
							"nodeName": null,
							"method": "GET",
							"param": "Header User-Agent",
							"attack": "Mozilla/4.0 (compatible; MSIE 7.0; Windows NT 6.0)",
							"evidence": "",
							"otherinfo": ""
						},
						{
							"id": "33",
							"uri": "http://51.8.48.112:8080/sitemap.xml",
							"nodeName": null,
							"method": "GET",
							"param": "Header User-Agent",
							"attack": "Mozilla/4.0 (compatible; MSIE 8.0; Windows NT 6.1)",
							"evidence": "",
							"otherinfo": ""
						},
						{
							"id": "46",
							"uri": "http://51.8.48.112:8080/sitemap.xml",
							"nodeName": null,
							"method": "GET",
							"param": "Header User-Agent",
							"attack": "Mozilla/5.0 (Windows NT 10.0; Trident/7.0; rv:11.0) like Gecko",
							"evidence": "",
							"otherinfo": ""
						},
						{
							"id": "50",
							"uri": "http://51.8.48.112:8080/sitemap.xml",
							"nodeName": null,
							"method": "GET",
							"param": "Header User-Agent",
							"attack": "Mozilla/5.0 (Windows NT 10.0; Win64; x64) AppleWebKit/537.36 (KHTML, like Gecko) Chrome/75.0.3739.0 Safari/537.36 Edg/75.0.109.0",
							"evidence": "",
							"otherinfo": ""
						},
						{
							"id": "77",
							"uri": "http://51.8.48.112:8080/sitemap.xml",
							"nodeName": null,
							"method": "GET",
							"param": "Header User-Agent",
							"attack": "Mozilla/5.0 (Windows NT 10.0; Win64; x64) AppleWebKit/537.36 (KHTML, like Gecko) Chrome/91.0.4472.124 Safari/537.36",
							"evidence": "",
							"otherinfo": ""
						},
						{
							"id": "75",
							"uri": "http://51.8.48.112:8080/sitemap.xml",
							"nodeName": null,
							"method": "GET",
							"param": "Header User-Agent",
							"attack": "Mozilla/5.0 (Windows NT 10.0; Win64; x64; rv:93.0) Gecko/20100101 Firefox/91.0",
							"evidence": "",
							"otherinfo": ""
						},
						{
							"id": "54",
							"uri": "http://51.8.48.112:8080/sitemap.xml",
							"nodeName": null,
							"method": "GET",
							"param": "Header User-Agent",
							"attack": "Mozilla/5.0 (compatible; Googlebot/2.1; +http://www.google.com/bot.html)",
							"evidence": "",
							"otherinfo": ""
						},
						{
							"id": "63",
							"uri": "http://51.8.48.112:8080/sitemap.xml",
							"nodeName": null,
							"method": "GET",
							"param": "Header User-Agent",
							"attack": "Mozilla/5.0 (compatible; Yahoo! Slurp; http://help.yahoo.com/help/us/ysearch/slurp)",
							"evidence": "",
							"otherinfo": ""
						},
						{
							"id": "71",
							"uri": "http://51.8.48.112:8080/sitemap.xml",
							"nodeName": null,
							"method": "GET",
							"param": "Header User-Agent",
							"attack": "Mozilla/5.0 (iPhone; CPU iPhone OS 8_0_2 like Mac OS X) AppleWebKit/600.1.4 (KHTML, like Gecko) Version/8.0 Mobile/12A366 Safari/600.1.4",
							"evidence": "",
							"otherinfo": ""
						},
						{
							"id": "67",
							"uri": "http://51.8.48.112:8080/sitemap.xml",
							"nodeName": null,
							"method": "GET",
							"param": "Header User-Agent",
							"attack": "Mozilla/5.0 (iPhone; U; CPU iPhone OS 3_0 like Mac OS X; en-us) AppleWebKit/528.18 (KHTML, like Gecko) Version/4.0 Mobile/7A341 Safari/528.16",
							"evidence": "",
							"otherinfo": ""
						},
						{
							"id": "58",
							"uri": "http://51.8.48.112:8080/sitemap.xml",
							"nodeName": null,
							"method": "GET",
							"param": "Header User-Agent",
							"attack": "msnbot/1.1 (+http://search.msn.com/msnbot.htm)",
							"evidence": "",
							"otherinfo": ""
						}
					],
					"count": "48",
					"systemic": false,
					"solution": "",
					"otherinfo": "",
					"reference": "<p>https://owasp.org/wstg</p>",
					"cweid": "0",
					"wascid": "0",
					"sourceid": "144"
				}
			]
		}
	],
	"sequences":[
	]

}
